claim_id,score
WC711348,7.8e-05
WC711349,0.002887
WC711350,0.000739
WC711351,0.006422
WC711352,0.008393
WC711353,0.011928
WC711354,0.001237
WC711355,0.001794
WC711356,0.00408
WC711357,0.000382
WC711358,0.005046
WC711359,0.000872
WC711360,0.00046
WC711361,0.01033
WC711362,0.011377
WC711363,0.011554
WC711364,0.009477
WC711365,0.001552
WC711366,0.01144
WC711367,0.001285
WC711368,0.006902
WC711369,0.001258
WC711370,0.038142
WC711371,0.022455
WC711372,0.001584
WC711373,0.012538
WC711374,0.025846
WC711375,0.020659
WC711376,0.020094
WC711377,0.004392
WC711378,0.011334
WC711379,0.024023
WC711380,0.020308
WC711381,0.002178
WC711382,0.011294
WC711383,0.015165
WC711384,0.02189
WC711385,0.001063
WC711386,0.000721
WC711387,0.006279
WC711388,0.005281
WC711389,0.020169
WC711390,0.002806
WC711391,0.017687
WC711392,0.003553
WC711393,0.002487
WC711394,0.017334
WC711395,0.008289
WC711396,0.01065
WC711397,0.019879
WC711398,0.008734
WC711399,0.016827
WC711400,0.002034
WC711401,0.019994
WC711402,0.002458
WC711403,0.013069
WC711404,0.011151
WC711405,0.00164
WC711406,0.015983
WC711407,0.010054
WC711408,0.013141
WC711409,0.000502
WC711410,0.000914
WC711411,0.002527
WC711412,0.001796
WC711413,0.000313
WC711414,0.010388
WC711415,0.016445
WC711416,0.014354
WC711417,0.007409
WC711418,0.841459
WC711419,0.017152
WC711420,0.008187
WC711421,0.025518
WC711422,0.008585
WC711423,0.010479
WC711424,0.016826
WC711425,0.016336
WC711426,0.020375
WC711427,0.035544
WC711428,0.01645
WC711429,0.007227
WC711430,0.016355
WC711431,0.001835
WC711432,0.001861
WC711433,0.009065
WC711434,0.018608
WC711435,0.001892
WC711436,0.036313
WC711437,0.00092
WC711438,0.008252
WC711439,0.028635
WC711440,0.001352
WC711441,0.002293
WC711442,0.001624
WC711443,0.002681
WC711444,0.002423
WC711445,0.015188
WC711446,0.023975
WC711447,0.010428
WC711448,0.001551
WC711449,0.000148
WC711450,0.004741
WC711451,0.003384
WC711452,0.000492
WC711453,0.017719
WC711454,0.023557
WC711455,0.015944
WC711456,0.003438
WC711457,7.3e-05
WC711458,0.005809
WC711459,0.019309
WC711460,0.011807
WC711461,0.002325
WC711462,0.002831
WC711463,0.009944
WC711464,0.021987
WC711465,0.001943
WC711466,0.01273
WC711467,0.318178
WC711468,0.037452
WC711469,0.002003
WC711470,0.006531
WC711471,0.01753
WC711472,0.001434
WC711473,0.008868
WC711474,0.016948
WC711475,0.005389
WC711476,0.003331
WC711477,0.000125
WC711478,0.028925
WC711479,0.001153
WC711480,0.000252
WC711481,0.013638
WC711482,0.016002
WC711483,0.00435
WC711484,0.001672
WC711485,0.017479
WC711486,0.010366
WC711487,0.003431
WC711488,0.008392
WC711489,0.010683
WC711490,0.002073
WC711491,0.002173
WC711492,0.008876
WC711493,0.023
WC711494,0.006445
WC711495,0.002966
WC711496,0.770326
WC711497,0.049715
WC711498,0.012588
WC711499,0.029647
WC711500,0.012829
WC711501,0.001458
WC711502,0.008887
WC711503,0.002287
WC711504,0.003834
WC711505,0.0236
WC711506,0.000941
WC711507,0.004328
WC711508,0.009258
WC711509,0.01387
WC711510,0.000816
WC711511,0.015947
WC711512,0.024412
WC711513,0.03484
WC711514,0.007976
WC711515,0.009194
WC711516,0.005933
WC711517,0.045918
WC711518,0.001934
WC711519,0.015999
WC711520,0.022322
WC711521,0.003276
WC711522,0.002932
WC711523,0.010302
WC711524,0.01575
WC711525,0.016816
WC711526,0.017687
WC711527,0.019713
WC711528,0.003071
WC711529,0.000175
WC711530,0.001152
WC711531,0.01937
WC711532,0.00076
WC711533,0.002274
WC711534,0.000159
WC711535,0.020289
WC711536,0.010712
WC711537,0.001658
WC711538,0.027089
WC711539,0.004984
WC711540,0.004627
WC711541,0.008724
WC711542,0.001275
WC711543,0.003994
WC711544,0.019137
WC711545,0.008214
WC711546,0.015375
WC711547,0.00657
WC711548,0.000171
WC711549,0.015692
WC711550,0.024418
WC711551,0.000699
WC711552,0.009155
WC711553,0.000778
WC711554,0.001024
WC711555,0.01169
WC711556,0.000827
WC711557,0.001541
WC711558,0.016185
WC711559,0.029022
WC711560,0.01056
WC711561,0.019479
WC711562,0.017145
WC711563,0.001747
WC711564,0.00452
WC711565,0.000178
WC711566,0.672144
WC711567,0.010108
WC711568,0.01544
WC711569,0.010117
WC711570,0.683407
WC711571,0.837791
WC711572,0.004212
WC711573,0.002016
WC711574,0.023262
WC711575,0.00121
WC711576,0.019578
WC711577,0.001832
WC711578,0.000978
WC711579,0.009939
WC711580,0.007393
WC711581,0.007774
WC711582,0.001092
WC711583,0.824801
WC711584,0.014768
WC711585,0.009325
WC711586,0.000898
WC711587,0.015784
WC711588,0.003103
WC711589,0.015886
WC711590,0.003827
WC711591,0.017812
WC711592,0.022435
WC711593,0.002105
WC711594,0.01604
WC711595,0.021841
WC711596,0.000899
WC711597,0.034565
WC711598,0.000714
WC711599,0.000919
WC711600,0.001638
WC711601,0.002634
WC711602,0.001832
WC711603,0.01158
WC711604,0.000534
WC711605,0.000561
WC711606,0.013885
WC711607,0.010994
WC711608,0.018058
WC711609,0.017652
WC711610,0.003763
WC711611,0.013159
WC711612,0.023383
WC711613,0.017788
WC711614,0.019492
WC711615,0.007838
WC711616,0.003094
WC711617,0.030992
WC711618,0.007128
WC711619,0.002734
WC711620,0.001121
WC711621,0.01227
WC711622,0.000559
WC711623,0.026689
WC711624,0.033354
WC711625,0.001582
WC711626,0.009871
WC711627,0.032542
WC711628,0.001591
WC711629,0.014169
WC711630,0.000297
WC711631,0.00951
WC711632,0.000132
WC711633,0.002146
WC711634,0.001037
WC711635,0.000776
WC711636,0.013916
WC711637,0.000123
WC711638,0.009695
WC711639,0.001901
WC711640,0.001183
WC711641,0.010661
WC711642,0.000679
WC711643,0.000527
WC711644,0.002302
WC711645,0.016536
WC711646,0.018284
WC711647,0.000639
WC711648,0.019013
WC711649,0.001098
WC711650,0.002102
WC711651,0.008148
WC711652,0.013274
WC711653,0.00171
WC711654,0.019687
WC711655,0.001979
WC711656,0.007659
WC711657,0.011305
WC711658,0.979197
WC711659,0.011687
WC711660,0.023392
WC711661,0.035919
WC711662,0.001613
WC711663,0.000443
WC711664,0.002166
WC711665,0.0003
WC711666,0.000535
WC711667,0.022577
WC711668,0.001684
WC711669,0.009936
WC711670,0.36679
WC711671,0.001771
WC711672,0.000123
WC711673,0.002926
WC711674,0.026837
WC711675,0.016372
WC711676,0.000658
WC711677,0.012336
WC711678,0.001826
WC711679,0.038678
WC711680,0.018042
WC711681,0.001419
WC711682,0.000537
WC711683,0.002017
WC711684,0.029505
WC711685,0.000761
WC711686,0.718302
WC711687,0.003102
WC711688,0.010343
WC711689,0.012554
WC711690,0.000563
WC711691,0.001821
WC711692,0.017242
WC711693,0.00789
WC711694,0.010469
WC711695,0.002868
WC711696,0.01547
WC711697,0.00871
WC711698,0.001386
WC711699,0.022169
WC711700,0.000621
WC711701,0.001876
WC711702,0.01221
WC711703,0.843157
WC711704,0.001703
WC711705,0.000207
WC711706,0.022962
WC711707,0.012903
WC711708,0.009726
WC711709,0.006428
WC711710,0.011723
WC711711,0.002869
WC711712,0.002133
WC711713,0.002319
WC711714,0.001001
WC711715,0.014895
WC711716,0.015381
WC711717,0.00327
WC711718,0.023636
WC711719,0.001207
WC711720,0.024474
WC711721,0.001799
WC711722,0.014597
WC711723,0.023489
WC711724,0.001652
WC711725,0.00358
WC711726,0.029352
WC711727,0.027333
WC711728,0.007839
WC711729,0.001836
WC711730,0.026112
WC711731,0.000903
WC711732,0.011887
WC711733,0.025125
WC711734,0.013113
WC711735,0.001595
WC711736,0.013409
WC711737,0.042149
WC711738,0.000248
WC711739,0.019138
WC711740,0.001795
WC711741,0.011578
WC711742,0.001454
WC711743,0.003366
WC711744,0.027854
WC711745,0.018195
WC711746,0.007544
WC711747,0.021381
WC711748,0.009254
WC711749,0.000798
WC711750,0.013719
WC711751,0.000914
WC711752,0.975384
WC711753,0.001734
WC711754,0.010817
WC711755,0.018915
WC711756,0.02839
WC711757,0.004271
WC711758,0.007693
WC711759,0.004972
WC711760,0.015538
WC711761,0.002119
WC711762,0.012693
WC711763,0.000754
WC711764,0.015763
WC711765,0.097496
WC711766,0.013149
WC711767,0.304292
WC711768,0.024724
WC711769,0.001335
WC711770,0.00765
WC711771,0.001383
WC711772,0.014751
WC711773,0.007133
WC711774,0.019846
WC711775,0.003282
WC711776,0.015254
WC711777,0.000936
WC711778,0.011621
WC711779,0.001982
WC711780,0.001345
WC711781,0.019924
WC711782,0.002941
WC711783,0.021914
WC711784,0.010118
WC711785,0.001255
WC711786,0.026572
WC711787,0.012323
WC711788,0.012864
WC711789,0.000369
WC711790,0.002364
WC711791,0.005911
WC711792,0.00047
WC711793,0.001026
WC711794,0.036033
WC711795,0.016674
WC711796,0.013836
WC711797,0.022632
WC711798,0.034268
WC711799,0.021492
WC711800,0.018751
WC711801,0.001883
WC711802,0.00634
WC711803,0.027555
WC711804,0.009479
WC711805,0.036052
WC711806,0.023302
WC711807,0.002762
WC711808,0.016226
WC711809,0.028331
WC711810,0.809347
WC711811,0.000318
WC711812,0.007431
WC711813,0.00796
WC711814,0.033074
WC711815,0.000741
WC711816,0.023865
WC711817,0.001255
WC711818,0.01315
WC711819,0.020301
WC711820,0.017796
WC711821,0.001254
WC711822,0.01222
WC711823,0.028057
WC711824,0.000605
WC711825,0.026832
WC711826,0.000266
WC711827,0.002123
WC711828,0.011619
WC711829,0.013746
WC711830,0.00158
WC711831,0.028272
WC711832,0.002183
WC711833,0.002012
WC711834,0.008782
WC711835,0.000164
WC711836,0.010514
WC711837,0.008968
WC711838,0.011752
WC711839,0.001499
WC711840,0.045678
WC711841,0.012757
WC711842,0.018032
WC711843,0.002605
WC711844,0.002139
WC711845,0.00636
WC711846,0.002932
WC711847,0.001877
WC711848,0.000808
WC711849,0.001183
WC711850,0.030415
WC711851,0.022173
WC711852,0.020474
WC711853,0.000619
WC711854,0.000423
WC711855,0.008283
WC711856,0.02799
WC711857,0.017186
WC711858,0.001606
WC711859,0.00165
WC711860,0.019064
WC711861,0.822766
WC711862,0.001431
WC711863,0.002572
WC711864,0.008253
WC711865,0.01144
WC711866,0.001571
WC711867,0.007052
WC711868,0.014526
WC711869,0.006005
WC711870,0.022704
WC711871,0.000985
WC711872,0.00026
WC711873,0.014785
WC711874,0.002661
WC711875,0.012948
WC711876,0.006097
WC711877,0.016265
WC711878,0.009519
WC711879,0.131066
WC711880,0.02452
WC711881,0.002352
WC711882,0.022384
WC711883,0.001758
WC711884,0.020211
WC711885,0.022074
WC711886,0.000873
WC711887,0.565362
WC711888,0.033905
WC711889,0.011852
WC711890,0.021646
WC711891,0.000376
WC711892,0.000638
WC711893,0.000297
WC711894,0.000815
WC711895,0.011302
WC711896,0.011412
WC711897,0.000595
WC711898,0.017286
WC711899,0.02135
WC711900,0.001399
WC711901,0.001112
WC711902,0.013239
WC711903,0.011433
WC711904,0.009269
WC711905,0.019371
WC711906,0.014026
WC711907,0.831909
WC711908,0.209449
WC711909,0.025123
WC711910,0.022045
WC711911,0.000334
WC711912,0.000528
WC711913,0.017616
WC711914,0.002519
WC711915,0.01305
WC711916,0.0004
WC711917,0.001455
WC711918,0.002425
WC711919,0.01951
WC711920,0.020237
WC711921,0.014586
WC711922,0.005892
WC711923,0.022379
WC711924,0.001777
WC711925,0.013202
WC711926,0.007475
WC711927,0.000636
WC711928,0.036461
WC711929,0.011474
WC711930,0.001742
WC711931,0.001053
WC711932,0.002926
WC711933,0.002002
WC711934,0.006923
WC711935,0.700569
WC711936,0.018399
WC711937,0.001496
WC711938,0.012015
WC711939,0.002813
WC711940,0.001893
WC711941,0.013143
WC711942,0.020821
WC711943,0.002207
WC711944,0.016595
WC711945,0.002521
WC711946,0.584677
WC711947,0.023126
WC711948,0.03588
WC711949,0.001908
WC711950,0.044445
WC711951,0.007114
WC711952,0.000887
WC711953,0.01993
WC711954,0.002914
WC711955,0.003154
WC711956,0.00726
WC711957,0.001281
WC711958,0.00123
WC711959,0.002421
WC711960,0.001766
WC711961,0.025709
WC711962,0.020949
WC711963,0.005665
WC711964,0.001244
WC711965,0.018139
WC711966,0.000199
WC711967,0.00096
WC711968,0.00056
WC711969,0.019066
WC711970,0.01298
WC711971,0.008998
WC711972,0.009692
WC711973,6.4e-05
WC711974,0.019201
WC711975,0.00917
WC711976,0.012773
WC711977,0.002789
WC711978,0.014939
WC711979,0.003066
WC711980,0.000156
WC711981,0.006611
WC711982,0.008472
WC711983,0.005829
WC711984,0.865678
WC711985,0.001987
WC711986,0.017424
WC711987,0.001169
WC711988,0.013828
WC711989,0.013594
WC711990,0.018467
WC711991,0.011275
WC711992,0.000104
WC711993,0.010978
WC711994,0.013402
WC711995,0.021808
WC711996,0.000774
WC711997,0.008467
WC711998,0.000204
WC711999,0.007042
WC712000,0.025161
WC712001,0.000504
WC712002,0.012699
WC712003,0.020097
WC712004,0.003178
WC712005,0.013495
WC712006,0.000566
WC712007,0.003571
WC712008,0.00236
WC712009,0.015551
WC712010,0.034053
WC712011,0.008691
WC712012,0.828053
WC712013,0.015379
WC712014,0.000729
WC712015,0.017506
WC712016,0.007553
WC712017,0.01137
WC712018,0.002772
WC712019,0.001492
WC712020,0.017305
WC712021,0.030032
WC712022,0.018995
WC712023,0.007543
WC712024,0.019879
WC712025,0.022745
WC712026,0.001476
WC712027,0.384675
WC712028,0.00214
WC712029,0.005686
WC712030,0.020378
WC712031,0.000212
WC712032,0.01278
WC712033,0.00123
WC712034,0.013998
WC712035,0.0068
WC712036,0.012034
WC712037,0.017433
WC712038,0.010507
WC712039,0.035576
WC712040,0.018049
WC712041,0.003199
WC712042,0.017987
WC712043,0.001452
WC712044,0.022966
WC712045,0.021158
WC712046,0.022979
WC712047,0.028196
WC712048,0.001363
WC712049,0.000662
WC712050,0.007626
WC712051,0.036443
WC712052,0.001967
WC712053,0.026246
WC712054,0.01909
WC712055,0.013016
WC712056,0.011191
WC712057,0.000578
WC712058,0.001747
WC712059,0.019268
WC712060,0.008845
WC712061,0.003153
WC712062,0.009244
WC712063,0.001193
WC712064,0.001114
WC712065,0.000416
WC712066,0.022722
WC712067,0.01446
WC712068,0.030019
WC712069,0.023456
WC712070,0.01662
WC712071,0.002944
WC712072,0.000536
WC712073,0.002434
WC712074,0.005153
WC712075,0.000781
WC712076,0.035116
WC712077,0.003236
WC712078,0.001871
WC712079,0.029722
WC712080,0.025272
WC712081,0.003471
WC712082,0.003256
WC712083,0.000538
WC712084,0.002593
WC712085,0.001571
WC712086,0.027279
WC712087,0.002436
WC712088,0.01706
WC712089,0.000234
WC712090,0.00099
WC712091,0.014913
WC712092,0.860881
WC712093,0.019036
WC712094,0.014942
WC712095,0.025465
WC712096,0.00158
WC712097,0.101093
WC712098,0.013851
WC712099,0.001671
WC712100,0.016091
WC712101,0.001677
WC712102,0.001933
WC712103,0.008033
WC712104,0.023569
WC712105,0.005356
WC712106,0.026609
WC712107,0.01445
WC712108,0.001589
WC712109,0.022001
WC712110,0.005957
WC712111,0.016712
WC712112,0.023608
WC712113,0.015477
WC712114,0.001962
WC712115,0.009352
WC712116,0.026112
WC712117,0.003594
WC712118,0.008812
WC712119,0.031953
WC712120,0.00265
WC712121,0.001564
WC712122,0.000175
WC712123,0.010693
WC712124,0.001866
WC712125,0.001028
WC712126,0.002231
WC712127,0.001053
WC712128,0.906208
WC712129,0.003693
WC712130,0.017069
WC712131,0.021882
WC712132,0.001644
WC712133,0.004202
WC712134,0.002417
WC712135,0.000937
WC712136,0.013603
WC712137,0.014816
WC712138,0.033936
WC712139,0.017091
WC712140,0.026305
WC712141,0.001498
WC712142,0.01724
WC712143,0.009285
WC712144,0.000145
WC712145,0.01057
WC712146,0.001159
WC712147,0.013253
WC712148,0.004933
WC712149,0.000749
WC712150,0.005771
WC712151,0.000673
WC712152,0.015788
WC712153,0.01168
WC712154,0.002028
WC712155,0.000192
WC712156,0.015397
WC712157,0.001421
WC712158,0.00013
WC712159,0.013226
WC712160,0.000182
WC712161,0.001936
WC712162,0.002733
WC712163,0.008432
WC712164,0.002197
WC712165,0.004366
WC712166,0.003852
WC712167,0.010223
WC712168,0.016435
WC712169,0.011402
WC712170,0.018331
WC712171,0.00979
WC712172,0.004269
WC712173,0.015968
WC712174,0.000516
WC712175,0.268905
WC712176,0.000359
WC712177,0.03255
WC712178,0.004877
WC712179,0.010519
WC712180,0.275261
WC712181,0.02931
WC712182,0.009807
WC712183,0.001486
WC712184,0.021241
WC712185,0.001468
WC712186,0.508878
WC712187,0.000578
WC712188,0.008307
WC712189,0.02682
WC712190,0.008284
WC712191,0.00306
WC712192,0.000732
WC712193,0.018349
WC712194,0.006955
WC712195,0.001888
WC712196,0.000674
WC712197,0.009049
WC712198,0.00117
WC712199,0.010937
WC712200,0.002814
WC712201,0.013535
WC712202,0.000133
WC712203,7.5e-05
WC712204,0.002079
WC712205,0.021991
WC712206,0.002722
WC712207,4.3e-05
WC712208,0.001265
WC712209,0.000693
WC712210,0.017084
WC712211,0.003165
WC712212,0.009079
WC712213,0.002671
WC712214,0.000566
WC712215,0.009571
WC712216,0.012474
WC712217,0.008819
WC712218,0.016242
WC712219,0.031161
WC712220,0.009044
WC712221,0.019582
WC712222,0.012614
WC712223,0.004097
WC712224,0.003313
WC712225,0.029057
WC712226,0.770205
WC712227,0.019689
WC712228,0.857244
WC712229,0.000178
WC712230,0.002271
WC712231,0.007167
WC712232,0.010265
WC712233,0.015128
WC712234,0.001638
WC712235,0.012947
WC712236,0.013567
WC712237,0.017947
WC712238,0.009283
WC712239,0.000614
WC712240,0.012808
WC712241,0.008346
WC712242,0.002194
WC712243,0.000802
WC712244,0.017042
WC712245,0.018262
WC712246,0.016346
WC712247,0.001
WC712248,0.003642
WC712249,0.00628
WC712250,0.016557
WC712251,0.001374
WC712252,0.680456
WC712253,0.010478
WC712254,0.875926
WC712255,0.040336
WC712256,0.017542
WC712257,0.029622
WC712258,0.021612
WC712259,0.009044
WC712260,0.011095
WC712261,0.011106
WC712262,0.025612
WC712263,0.010149
WC712264,0.001408
WC712265,0.017171
WC712266,0.002849
WC712267,0.000551
WC712268,0.000242
WC712269,0.001183
WC712270,0.012961
WC712271,0.001865
WC712272,0.008928
WC712273,0.001904
WC712274,0.004539
WC712275,0.004184
WC712276,0.015605
WC712277,0.000203
WC712278,0.012346
WC712279,0.001224
WC712280,0.019694
WC712281,0.00086
WC712282,0.009855
WC712283,0.02711
WC712284,0.002755
WC712285,0.001165
WC712286,0.001049
WC712287,0.017992
WC712288,0.00657
WC712289,0.027315
WC712290,0.004928
WC712291,0.000799
WC712292,0.014676
WC712293,0.011731
WC712294,0.02196
WC712295,0.002554
WC712296,0.01841
WC712297,0.026004
WC712298,0.001964
WC712299,0.009581
WC712300,0.000243
WC712301,0.012279
WC712302,0.000402
WC712303,0.044926
WC712304,0.021526
WC712305,0.00087
WC712306,0.030281
WC712307,0.001408
WC712308,0.025268
WC712309,0.001892
WC712310,0.005668
WC712311,0.008193
WC712312,0.021467
WC712313,0.000921
WC712314,0.000487
WC712315,0.011115
WC712316,0.008344
WC712317,0.001186
WC712318,0.016513
WC712319,0.033074
WC712320,0.001669
WC712321,0.001769
WC712322,0.001607
WC712323,0.001829
WC712324,0.002157
WC712325,0.000681
WC712326,0.006876
WC712327,0.002468
WC712328,0.00351
WC712329,0.878049
WC712330,0.000552
WC712331,0.000411
WC712332,0.005676
WC712333,0.002732
WC712334,0.000661
WC712335,0.012068
WC712336,0.01478
WC712337,0.017892
WC712338,0.005784
WC712339,0.013826
WC712340,0.002124
WC712341,0.021541
WC712342,0.040507
WC712343,0.015133
WC712344,0.014007
WC712345,0.002539
WC712346,0.0022
WC712347,0.813311
WC712348,0.002371
WC712349,0.012355
WC712350,0.009166
WC712351,0.001427
WC712352,0.011374
WC712353,0.01046
WC712354,0.009942
WC712355,0.000253
WC712356,0.009507
WC712357,0.000905
WC712358,0.472
WC712359,0.014091
WC712360,0.013978
WC712361,0.003557
WC712362,0.025065
WC712363,0.00142
WC712364,0.010938
WC712365,0.022186
WC712366,0.002301
WC712367,0.019202
WC712368,0.014134
WC712369,0.016225
WC712370,0.033596
WC712371,0.019861
WC712372,0.002273
WC712373,0.009141
WC712374,0.008519
WC712375,0.022438
WC712376,0.011275
WC712377,0.014194
WC712378,0.001185
WC712379,0.000582
WC712380,0.213279
WC712381,0.024971
WC712382,0.00164
WC712383,0.002274
WC712384,0.02339
WC712385,0.002635
WC712386,9.5e-05
WC712387,0.020964
WC712388,0.01808
WC712389,0.003147
WC712390,0.014859
WC712391,0.010305
WC712392,0.01815
WC712393,0.001463
WC712394,0.0015
WC712395,0.013502
WC712396,0.017015
WC712397,0.001781
WC712398,0.000352
WC712399,0.000278
WC712400,0.812818
WC712401,0.004665
WC712402,0.039294
WC712403,0.006656
WC712404,0.019717
WC712405,0.050069
WC712406,0.009588
WC712407,0.036888
WC712408,0.015863
WC712409,0.025587
WC712410,0.001996
WC712411,0.008422
WC712412,0.00056
WC712413,0.022597
WC712414,0.008379
WC712415,0.002614
WC712416,0.001001
WC712417,0.018712
WC712418,0.012843
WC712419,0.000782
WC712420,0.017152
WC712421,0.020817
WC712422,0.016012
WC712423,0.00046
WC712424,0.0191
WC712425,0.010863
WC712426,0.00182
WC712427,0.001265
WC712428,0.016521
WC712429,0.003127
WC712430,0.000367
WC712431,0.011767
WC712432,0.032757
WC712433,0.000199
WC712434,0.005283
WC712435,0.003869
WC712436,0.004614
WC712437,0.009821
WC712438,0.000266
WC712439,0.019926
WC712440,0.010023
WC712441,0.000177
WC712442,0.034868
WC712443,0.000739
WC712444,0.011902
WC712445,0.011656
WC712446,0.010167
WC712447,0.021901
WC712448,0.020586
WC712449,0.00448
WC712450,0.003261
WC712451,0.000654
WC712452,0.024131
WC712453,0.011189
WC712454,0.000964
WC712455,0.022889
WC712456,0.001615
WC712457,0.001216
WC712458,0.024769
WC712459,0.001587
WC712460,0.013299
WC712461,0.001051
WC712462,0.015964
WC712463,0.018534
WC712464,0.010002
WC712465,0.014729
WC712466,0.017947
WC712467,0.008522
WC712468,0.012483
WC712469,0.002839
WC712470,0.016036
WC712471,0.017716
WC712472,0.018652
WC712473,0.011034
WC712474,0.017179
WC712475,0.003112
WC712476,0.000858
WC712477,0.68473
WC712478,0.025979
WC712479,0.040782
WC712480,0.040407
WC712481,0.000751
WC712482,0.024778
WC712483,0.025405
WC712484,0.020785
WC712485,0.00147
WC712486,0.000656
WC712487,0.030842
WC712488,0.01156
WC712489,0.006674
WC712490,0.017094
WC712491,0.031049
WC712492,0.0063
WC712493,0.246228
WC712494,0.000538
WC712495,0.000588
WC712496,7.5e-05
WC712497,0.000764
WC712498,0.009626
WC712499,0.014155
WC712500,0.009322
WC712501,0.000895
WC712502,0.014844
WC712503,0.011028
WC712504,0.026473
WC712505,0.000663
WC712506,0.002084
WC712507,0.024405
WC712508,0.000437
WC712509,0.002427
WC712510,0.001073
WC712511,0.002593
WC712512,0.001691
WC712513,0.026453
WC712514,0.016727
WC712515,0.001299
WC712516,0.001052
WC712517,0.011565
WC712518,0.01083
WC712519,0.011514
WC712520,0.001931
WC712521,0.000387
WC712522,0.014843
WC712523,0.000672
WC712524,0.000656
WC712525,0.025107
WC712526,0.013976
WC712527,0.000282
WC712528,0.014708
WC712529,0.000864
WC712530,0.00118
WC712531,0.01776
WC712532,0.018287
WC712533,0.002677
WC712534,0.002011
WC712535,0.001058
WC712536,0.011385
WC712537,0.017089
WC712538,0.003423
WC712539,0.001436
WC712540,0.00121
WC712541,0.005007
WC712542,0.000223
WC712543,0.001466
WC712544,0.001103
WC712545,0.000176
WC712546,0.008185
WC712547,0.001212
WC712548,0.014637
WC712549,0.024693
WC712550,0.009665
WC712551,0.02199
WC712552,0.033255
WC712553,0.017609
WC712554,0.01447
WC712555,0.007092
WC712556,0.010051
WC712557,0.007787
WC712558,0.002179
WC712559,0.014608
WC712560,0.010322
WC712561,0.005118
WC712562,0.011106
WC712563,0.010727
WC712564,0.017651
WC712565,0.027854
WC712566,0.002696
WC712567,0.004619
WC712568,0.013485
WC712569,0.000582
WC712570,0.002881
WC712571,0.006754
WC712572,0.000633
WC712573,0.03157
WC712574,0.00085
WC712575,0.000759
WC712576,0.011934
WC712577,0.001435
WC712578,0.175285
WC712579,0.017353
WC712580,0.000251
WC712581,0.017875
WC712582,0.024856
WC712583,0.016055
WC712584,0.026008
WC712585,0.01408
WC712586,0.01801
WC712587,0.00727
WC712588,0.002275
WC712589,0.021035
WC712590,0.000154
WC712591,0.018129
WC712592,0.000618
WC712593,0.008818
WC712594,0.000394
WC712595,0.00128
WC712596,0.007203
WC712597,0.007882
WC712598,0.029646
WC712599,0.002855
WC712600,0.017013
WC712601,0.023597
WC712602,0.000408
WC712603,0.001711
WC712604,0.007697
WC712605,0.002541
WC712606,0.006508
WC712607,0.023015
WC712608,0.013704
WC712609,0.015349
WC712610,0.026986
WC712611,0.001155
WC712612,0.012948
WC712613,0.017553
WC712614,0.018879
WC712615,0.013051
WC712616,0.000741
WC712617,0.017779
WC712618,0.012493
WC712619,0.010593
WC712620,0.02703
WC712621,0.016708
WC712622,0.002386
WC712623,0.009912
WC712624,0.01323
WC712625,0.000376
WC712626,0.000144
WC712627,0.013583
WC712628,0.002609
WC712629,0.011238
WC712630,0.001024
WC712631,0.023757
WC712632,0.000498
WC712633,0.021045
WC712634,0.015325
WC712635,0.002037
WC712636,0.000786
WC712637,0.019109
WC712638,0.000553
WC712639,0.003451
WC712640,0.461817
WC712641,0.002224
WC712642,0.001053
WC712643,0.000511
WC712644,0.019573
WC712645,0.001094
WC712646,0.023974
WC712647,0.011754
WC712648,0.013023
WC712649,0.020639
WC712650,0.017741
WC712651,0.011007
WC712652,0.01458
WC712653,0.000421
WC712654,0.002092
WC712655,0.006461
WC712656,0.016133
WC712657,9.2e-05
WC712658,0.010531
WC712659,0.984738
WC712660,0.002253
WC712661,0.007571
WC712662,0.000231
WC712663,0.0009
WC712664,0.001182
WC712665,0.033919
WC712666,0.002456
WC712667,0.013733
WC712668,0.002429
WC712669,0.962479
WC712670,0.015999
WC712671,0.01767
WC712672,0.015448
WC712673,0.022785
WC712674,0.004872
WC712675,0.009474
WC712676,0.021409
WC712677,0.009868
WC712678,0.011346
WC712679,0.013548
WC712680,0.011962
WC712681,0.010931
WC712682,0.002968
WC712683,0.000451
WC712684,0.00083
WC712685,0.001312
WC712686,0.001392
WC712687,0.000705
WC712688,0.014137
WC712689,0.000981
WC712690,0.004759
WC712691,0.012491
WC712692,0.293091
WC712693,0.003916
WC712694,0.020862
WC712695,0.011971
WC712696,0.01428
WC712697,0.001192
WC712698,0.025906
WC712699,0.002331
WC712700,0.031182
WC712701,0.002251
WC712702,0.008978
WC712703,0.014731
WC712704,0.000925
WC712705,0.022006
WC712706,0.041583
WC712707,0.001081
WC712708,0.010245
WC712709,0.000465
WC712710,0.001225
WC712711,0.002748
WC712712,0.013456
WC712713,0.012108
WC712714,0.008864
WC712715,0.00165
WC712716,0.000568
WC712717,0.005284
WC712718,0.010738
WC712719,0.029409
WC712720,0.004566
WC712721,0.20223
WC712722,0.000738
WC712723,0.000659
WC712724,0.798719
WC712725,0.01184
WC712726,0.001538
WC712727,0.003019
WC712728,0.017582
WC712729,0.00159
WC712730,0.013519
WC712731,0.000667
WC712732,0.000548
WC712733,0.015725
WC712734,0.017518
WC712735,0.948822
WC712736,0.019392
WC712737,0.005807
WC712738,0.001975
WC712739,0.256632
WC712740,0.000534
WC712741,0.011607
WC712742,0.018434
WC712743,0.009692
WC712744,0.000582
WC712745,0.014011
WC712746,0.013111
WC712747,0.002127
WC712748,0.023542
WC712749,0.003479
WC712750,0.023139
WC712751,0.019519
WC712752,0.017805
WC712753,0.000625
WC712754,0.816505
WC712755,0.002273
WC712756,0.001331
WC712757,0.036493
WC712758,0.002511
WC712759,0.005137
WC712760,0.021671
WC712761,0.00021
WC712762,0.000381
WC712763,0.0097
WC712764,0.008818
WC712765,0.000611
WC712766,0.002428
WC712767,0.015291
WC712768,0.001442
WC712769,0.018941
WC712770,0.010645
WC712771,0.019477
WC712772,0.000542
WC712773,0.000226
WC712774,0.012554
WC712775,0.007539
WC712776,0.002291
WC712777,0.005422
WC712778,0.019414
WC712779,0.020494
WC712780,0.984895
WC712781,0.002499
WC712782,0.012019
WC712783,0.019058
WC712784,0.023753
WC712785,0.023142
WC712786,0.799519
WC712787,0.006164
WC712788,0.004567
WC712789,0.010016
WC712790,0.008137
WC712791,0.002191
WC712792,0.00213
WC712793,0.000538
WC712794,0.019398
WC712795,0.020799
WC712796,0.0115
WC712797,0.010196
WC712798,0.00905
WC712799,0.019002
WC712800,0.037773
WC712801,0.019913
WC712802,0.021618
WC712803,0.005331
WC712804,0.023887
WC712805,0.01419
WC712806,0.00466
WC712807,0.012991
WC712808,0.023705
WC712809,0.007716
WC712810,0.018142
WC712811,0.010984
WC712812,0.834919
WC712813,0.028867
WC712814,0.028751
WC712815,0.016023
WC712816,0.017104
WC712817,0.014373
WC712818,0.003337
WC712819,0.001818
WC712820,0.005553
WC712821,0.026989
WC712822,0.012844
WC712823,0.001984
WC712824,0.000168
WC712825,0.015179
WC712826,0.010088
WC712827,0.019679
WC712828,0.017848
WC712829,0.01073
WC712830,0.007224
WC712831,0.029882
WC712832,0.77065
WC712833,0.012384
WC712834,0.03119
WC712835,0.002608
WC712836,0.000923
WC712837,0.001222
WC712838,0.010985
WC712839,0.000976
WC712840,0.01051
WC712841,0.008728
WC712842,0.019298
WC712843,0.018985
WC712844,0.015193
WC712845,0.002083
WC712846,0.028344
WC712847,0.02237
WC712848,6.2e-05
WC712849,0.001883
WC712850,0.020717
WC712851,0.016125
WC712852,0.048439
WC712853,0.023537
WC712854,0.020748
WC712855,0.00069
WC712856,0.000612
WC712857,0.000507
WC712858,0.015706
WC712859,0.000491
WC712860,0.017454
WC712861,0.000358
WC712862,0.024699
WC712863,0.010262
WC712864,0.00122
WC712865,0.011099
WC712866,0.018692
WC712867,0.002716
WC712868,0.002675
WC712869,0.014443
WC712870,0.002543
WC712871,0.002075
WC712872,0.001205
WC712873,0.001483
WC712874,0.000275
WC712875,0.027961
WC712876,0.016083
WC712877,0.00112
WC712878,0.026491
WC712879,0.016625
WC712880,0.000433
WC712881,0.101721
WC712882,0.000121
WC712883,0.022863
WC712884,0.009475
WC712885,0.001652
WC712886,0.01074
WC712887,0.001668
WC712888,0.020699
WC712889,0.00084
WC712890,0.003356
WC712891,0.001148
WC712892,0.01649
WC712893,0.002795
WC712894,0.023466
WC712895,0.017257
WC712896,0.027617
WC712897,0.001054
WC712898,0.019718
WC712899,0.009021
WC712900,0.010136
WC712901,0.020886
WC712902,0.001819
WC712903,0.002199
WC712904,0.01808
WC712905,0.01085
WC712906,0.019281
WC712907,0.898227
WC712908,0.021398
WC712909,0.005349
WC712910,0.003225
WC712911,0.010801
WC712912,0.00901
WC712913,0.02399
WC712914,0.020472
WC712915,0.0062
WC712916,0.000786
WC712917,0.001908
WC712918,0.792761
WC712919,0.008269
WC712920,0.004605
WC712921,0.495874
WC712922,0.032516
WC712923,0.027581
WC712924,0.020671
WC712925,0.002148
WC712926,0.001541
WC712927,0.016588
WC712928,0.000741
WC712929,0.008662
WC712930,0.001583
WC712931,0.00016
WC712932,0.001485
WC712933,0.014665
WC712934,0.021504
WC712935,0.00013
WC712936,0.000203
WC712937,0.025275
WC712938,0.261773
WC712939,0.001204
WC712940,0.010386
WC712941,0.008022
WC712942,0.012883
WC712943,0.012272
WC712944,0.017342
WC712945,0.009922
WC712946,0.001966
WC712947,0.002916
WC712948,0.009801
WC712949,0.014218
WC712950,0.001287
WC712951,0.021588
WC712952,0.003414
WC712953,0.031748
WC712954,0.012635
WC712955,0.014743
WC712956,0.000741
WC712957,0.007047
WC712958,0.023441
WC712959,0.000197
WC712960,8.5e-05
WC712961,0.032112
WC712962,0.001184
WC712963,0.027457
WC712964,0.003971
WC712965,0.000468
WC712966,0.012717
WC712967,0.026553
WC712968,0.002234
WC712969,0.00059
WC712970,0.000888
WC712971,0.001392
WC712972,0.31175
WC712973,0.001934
WC712974,0.000961
WC712975,0.00788
WC712976,0.001782
WC712977,0.001675
WC712978,0.026014
WC712979,0.021654
WC712980,0.013131
WC712981,0.000872
WC712982,0.00967
WC712983,0.00958
WC712984,0.001611
WC712985,0.001917
WC712986,0.014703
WC712987,0.000672
WC712988,0.005274
WC712989,0.001979
WC712990,0.002126
WC712991,0.000119
WC712992,0.010805
WC712993,0.000101
WC712994,0.0019
WC712995,0.007412
WC712996,0.000872
WC712997,0.027065
WC712998,0.000851
WC712999,0.018114
WC713000,0.001053
WC713001,0.002354
WC713002,0.000259
WC713003,0.012177
WC713004,0.008929
WC713005,0.011258
WC713006,0.001345
WC713007,0.006665
WC713008,0.013467
WC713009,0.013165
WC713010,0.004044
WC713011,0.012957
WC713012,0.002307
WC713013,0.000339
WC713014,8.2e-05
WC713015,0.000975
WC713016,0.010201
WC713017,0.003321
WC713018,0.021449
WC713019,0.028004
WC713020,0.787425
WC713021,0.00162
WC713022,0.021835
WC713023,0.003259
WC713024,5.9e-05
WC713025,0.001173
WC713026,0.000541
WC713027,0.027855
WC713028,0.010073
WC713029,0.728024
WC713030,0.020532
WC713031,0.005813
WC713032,0.037725
WC713033,0.000281
WC713034,0.001182
WC713035,0.002062
WC713036,0.019455
WC713037,0.024481
WC713038,0.004318
WC713039,0.000992
WC713040,0.661281
WC713041,0.000629
WC713042,0.00129
WC713043,0.017593
WC713044,0.01063
WC713045,0.001161
WC713046,0.000565
WC713047,0.004389
WC713048,0.011349
WC713049,0.016831
WC713050,0.029143
WC713051,0.012665
WC713052,0.810424
WC713053,0.001158
WC713054,0.001782
WC713055,0.012883
WC713056,0.483838
WC713057,0.007294
WC713058,0.738881
WC713059,0.004435
WC713060,0.001963
WC713061,0.005323
WC713062,0.009336
WC713063,0.002214
WC713064,0.018203
WC713065,0.007936
WC713066,0.007433
WC713067,0.000622
WC713068,0.00627
WC713069,0.010037
WC713070,0.001158
WC713071,0.018851
WC713072,0.001009
WC713073,0.022672
WC713074,0.020931
WC713075,0.033915
WC713076,0.025265
WC713077,0.000869
WC713078,0.009361
WC713079,0.262519
WC713080,0.001499
WC713081,0.017783
WC713082,0.001259
WC713083,0.010982
WC713084,0.016681
WC713085,0.001337
WC713086,0.00594
WC713087,0.023945
WC713088,0.000131
WC713089,0.021103
WC713090,3.4e-05
WC713091,0.008187
WC713092,0.000954
WC713093,0.022386
WC713094,0.000607
WC713095,0.000342
WC713096,0.013902
WC713097,0.001827
WC713098,0.355887
WC713099,0.034245
WC713100,0.024605
WC713101,0.011245
WC713102,0.021401
WC713103,0.00392
WC713104,0.069516
WC713105,0.004607
WC713106,0.00882
WC713107,0.015075
WC713108,0.005421
WC713109,0.001152
WC713110,0.000274
WC713111,0.001509
WC713112,0.013612
WC713113,0.011304
WC713114,0.000783
WC713115,0.022062
WC713116,0.002578
WC713117,0.64813
WC713118,0.676855
WC713119,0.012628
WC713120,0.009217
WC713121,0.002023
WC713122,0.479871
WC713123,0.002019
WC713124,0.001893
WC713125,0.015459
WC713126,0.00055
WC713127,0.008544
WC713128,0.017495
WC713129,0.008802
WC713130,0.002849
WC713131,0.007801
WC713132,0.001022
WC713133,0.0468
WC713134,0.024275
WC713135,0.016802
WC713136,0.007088
WC713137,0.002857
WC713138,0.010728
WC713139,0.001857
WC713140,0.829423
WC713141,0.018947
WC713142,0.000114
WC713143,2.8e-05
WC713144,0.005604
WC713145,0.004195
WC713146,0.001796
WC713147,0.01038
WC713148,0.009054
WC713149,0.00225
WC713150,0.011909
WC713151,0.001132
WC713152,0.001335
WC713153,0.000132
WC713154,0.018145
WC713155,0.017186
WC713156,0.021439
WC713157,0.012332
WC713158,0.003606
WC713159,0.006524
WC713160,0.009232
WC713161,0.017167
WC713162,0.016688
WC713163,0.001998
WC713164,0.001798
WC713165,0.000884
WC713166,0.004775
WC713167,0.018566
WC713168,0.000826
WC713169,0.000942
WC713170,0.000965
WC713171,0.0104
WC713172,0.000729
WC713173,0.027882
WC713174,0.018479
WC713175,0.006959
WC713176,0.015105
WC713177,0.013664
WC713178,0.009333
WC713179,0.008914
WC713180,0.003449
WC713181,0.015263
WC713182,0.002268
WC713183,0.029379
WC713184,0.007805
WC713185,0.002508
WC713186,0.001201
WC713187,0.008629
WC713188,0.001477
WC713189,0.011576
WC713190,0.010148
WC713191,0.811191
WC713192,0.002018
WC713193,0.008694
WC713194,0.02045
WC713195,0.014088
WC713196,0.019929
WC713197,0.002345
WC713198,0.001555
WC713199,0.001918
WC713200,0.001491
WC713201,0.009019
WC713202,0.002691
WC713203,0.015351
WC713204,0.012886
WC713205,0.015848
WC713206,0.000824
WC713207,0.011774
WC713208,0.007193
WC713209,0.009375
WC713210,0.006967
WC713211,0.046674
WC713212,0.010985
WC713213,0.011648
WC713214,0.010245
WC713215,0.017404
WC713216,0.030399
WC713217,0.009304
WC713218,0.007807
WC713219,0.001797
WC713220,0.002167
WC713221,0.001915
WC713222,0.332852
WC713223,0.675018
WC713224,0.506559
WC713225,0.023912
WC713226,0.000921
WC713227,0.001394
WC713228,0.027392
WC713229,0.021708
WC713230,0.001145
WC713231,0.002696
WC713232,0.00083
WC713233,0.00116
WC713234,0.001792
WC713235,0.001175
WC713236,0.008353
WC713237,0.024166
WC713238,0.02675
WC713239,0.027749
WC713240,0.004008
WC713241,0.011901
WC713242,0.000527
WC713243,0.007328
WC713244,0.031407
WC713245,0.000619
WC713246,0.009465
WC713247,0.015188
WC713248,0.009678
WC713249,0.011779
WC713250,0.025609
WC713251,0.000546
WC713252,0.002409
WC713253,0.026505
WC713254,0.005319
WC713255,0.000728
WC713256,0.000787
WC713257,0.002659
WC713258,0.000818
WC713259,0.022129
WC713260,0.028212
WC713261,0.001657
WC713262,0.000937
WC713263,0.017647
WC713264,0.044264
WC713265,0.01637
WC713266,0.008421
WC713267,0.003224
WC713268,0.029799
WC713269,0.001131
WC713270,0.010691
WC713271,0.01809
WC713272,0.021271
WC713273,0.007445
WC713274,0.008242
WC713275,0.002484
WC713276,0.011667
WC713277,0.016662
WC713278,0.001228
WC713279,0.000868
WC713280,0.000544
WC713281,0.023066
WC713282,0.000803
WC713283,0.022217
WC713284,0.031247
WC713285,0.001801
WC713286,0.03541
WC713287,0.002544
WC713288,0.013323
WC713289,0.055916
WC713290,0.008154
WC713291,0.013106
WC713292,0.002471
WC713293,0.01103
WC713294,0.008876
WC713295,0.002186
WC713296,0.016003
WC713297,0.002331
WC713298,0.020994
WC713299,0.016165
WC713300,0.01904
WC713301,0.001065
WC713302,0.031271
WC713303,0.000551
WC713304,0.002826
WC713305,0.029102
WC713306,0.000191
WC713307,0.003395
WC713308,0.024538
WC713309,0.008473
WC713310,0.005226
WC713311,0.001731
WC713312,0.002049
WC713313,0.037346
WC713314,0.001199
WC713315,0.007978
WC713316,0.013931
WC713317,0.0289
WC713318,0.011295
WC713319,0.000321
WC713320,0.001431
WC713321,9.4e-05
WC713322,0.001411
WC713323,0.001884
WC713324,0.008383
WC713325,0.002511
WC713326,0.020442
WC713327,0.012746
WC713328,0.019386
WC713329,0.009346
WC713330,0.002591
WC713331,0.01581
WC713332,0.000145
WC713333,0.002274
WC713334,0.010973
WC713335,0.00185
WC713336,0.010858
WC713337,0.018547
WC713338,0.021346
WC713339,0.000878
WC713340,0.012266
WC713341,0.022463
WC713342,0.599441
WC713343,0.001195
WC713344,0.000852
WC713345,0.000898
WC713346,0.024838
WC713347,0.002056
WC713348,0.018819
WC713349,0.012032
WC713350,0.000508
WC713351,0.012904
WC713352,0.010868
WC713353,0.000516
WC713354,0.006621
WC713355,0.002663
WC713356,0.001168
WC713357,0.000173
WC713358,0.008447
WC713359,0.009651
WC713360,0.003757
WC713361,0.000742
WC713362,0.136336
WC713363,0.000956
WC713364,0.001392
WC713365,0.009022
WC713366,0.019415
WC713367,0.0137
WC713368,0.001359
WC713369,0.000841
WC713370,0.011863
WC713371,0.000665
WC713372,0.01215
WC713373,0.001372
WC713374,0.000803
WC713375,0.002727
WC713376,0.011031
WC713377,0.020498
WC713378,0.001178
WC713379,0.011325
WC713380,0.019851
WC713381,0.001912
WC713382,0.00041
WC713383,0.012908
WC713384,0.024544
WC713385,0.021636
WC713386,0.009405
WC713387,0.01776
WC713388,0.012544
WC713389,0.004968
WC713390,0.01353
WC713391,0.015032
WC713392,0.484083
WC713393,0.000845
WC713394,0.002708
WC713395,0.016793
WC713396,0.00136
WC713397,0.014835
WC713398,0.036836
WC713399,0.00982
WC713400,0.012432
WC713401,0.01019
WC713402,0.000724
WC713403,0.014105
WC713404,0.004115
WC713405,0.000435
WC713406,0.001765
WC713407,0.011524
WC713408,0.001788
WC713409,0.008457
WC713410,0.002316
WC713411,0.00027
WC713412,0.001753
WC713413,0.14367
WC713414,0.020413
WC713415,0.028883
WC713416,0.01695
WC713417,0.009893
WC713418,0.761673
WC713419,0.01164
WC713420,0.000815
WC713421,0.001882
WC713422,0.003254
WC713423,0.011228
WC713424,0.024751
WC713425,0.017675
WC713426,0.019147
WC713427,0.00244
WC713428,0.001458
WC713429,0.000333
WC713430,0.024277
WC713431,0.017105
WC713432,0.005445
WC713433,0.004656
WC713434,0.019678
WC713435,0.001121
WC713436,0.002436
WC713437,0.01634
WC713438,0.000676
WC713439,0.675584
WC713440,0.009984
WC713441,0.000356
WC713442,0.015001
WC713443,0.018449
WC713444,0.001599
WC713445,0.001806
WC713446,0.015397
WC713447,0.018297
WC713448,0.000317
WC713449,0.017958
WC713450,0.000455
WC713451,0.012122
WC713452,0.023094
WC713453,0.021936
WC713454,0.001573
WC713455,0.738691
WC713456,0.079026
WC713457,0.000542
WC713458,0.013033
WC713459,0.003245
WC713460,0.025573
WC713461,0.008889
WC713462,0.001551
WC713463,0.009877
WC713464,6.9e-05
WC713465,0.013663
WC713466,0.010212
WC713467,0.001251
WC713468,0.027612
WC713469,0.001323
WC713470,0.012201
WC713471,0.025673
WC713472,0.024529
WC713473,0.852247
WC713474,0.020958
WC713475,0.009368
WC713476,0.00215
WC713477,0.002779
WC713478,0.01323
WC713479,0.012974
WC713480,0.001168
WC713481,0.007374
WC713482,0.023533
WC713483,0.000509
WC713484,0.000449
WC713485,0.036364
WC713486,0.008436
WC713487,0.007283
WC713488,0.00842
WC713489,0.015435
WC713490,0.000173
WC713491,0.027353
WC713492,0.018412
WC713493,0.001916
WC713494,0.001976
WC713495,0.022615
WC713496,0.012336
WC713497,0.319821
WC713498,0.00104
WC713499,0.000175
WC713500,0.011112
WC713501,0.014061
WC713502,0.017823
WC713503,0.015088
WC713504,0.013639
WC713505,0.003179
WC713506,0.011235
WC713507,0.028481
WC713508,0.028199
WC713509,0.012556
WC713510,0.000465
WC713511,0.010573
WC713512,0.03155
WC713513,0.009629
WC713514,0.218576
WC713515,0.041889
WC713516,0.014863
WC713517,0.000781
WC713518,0.012546
WC713519,0.001943
WC713520,0.010472
WC713521,0.007792
WC713522,0.001966
WC713523,0.002876
WC713524,0.009551
WC713525,0.007246
WC713526,0.011628
WC713527,0.002751
WC713528,0.020426
WC713529,0.041697
WC713530,0.001529
WC713531,0.001979
WC713532,0.019508
WC713533,0.000199
WC713534,0.758079
WC713535,7.4e-05
WC713536,0.010126
WC713537,0.001356
WC713538,0.009363
WC713539,0.012171
WC713540,0.002185
WC713541,0.001058
WC713542,0.056045
WC713543,0.023569
WC713544,0.017617
WC713545,0.001209
WC713546,0.356684
WC713547,0.004323
WC713548,0.014538
WC713549,0.010317
WC713550,0.000519
WC713551,0.016301
WC713552,0.044468
WC713553,0.00565
WC713554,0.001298
WC713555,0.000925
WC713556,0.001025
WC713557,0.013053
WC713558,0.0071
WC713559,0.019115
WC713560,0.00127
WC713561,0.000144
WC713562,0.001076
WC713563,0.001952
WC713564,0.006347
WC713565,0.022939
WC713566,0.011278
WC713567,0.012724
WC713568,0.000794
WC713569,0.015208
WC713570,0.012908
WC713571,0.054971
WC713572,0.00729
WC713573,0.969138
WC713574,0.004733
WC713575,0.010116
WC713576,0.020257
WC713577,0.008343
WC713578,0.00346
WC713579,0.015655
WC713580,0.007648
WC713581,0.000994
WC713582,0.002043
WC713583,0.016175
WC713584,0.010385
WC713585,0.01056
WC713586,0.001936
WC713587,0.02689
WC713588,0.000176
WC713589,0.0001
WC713590,0.016826
WC713591,0.010483
WC713592,0.00143
WC713593,0.012243
WC713594,0.035952
WC713595,0.001927
WC713596,0.021771
WC713597,0.001792
WC713598,0.020317
WC713599,0.001885
